cve_municipio,nombre,clave
1,AGUASCALIENTES,1
2,ASIENTOS,1
3,CALVILLO,1
4,COS÷O,1
5,JESÈS MAR÷A,1
6,PABELL‡N DE ARTEAGA,1
7,RINC‡N DE ROMOS,1
8,SAN JOSê DE GRACIA,1
9,TEPEZALµ,1
10,EL LLANO,1
11,SAN FRANCISCO DE LOS ROMO,1
999,NO ESPECIFICADO,1
1,ENSENADA,2
2,MEXICALI,2
3,TECATE,2
4,TIJUANA,2
5,PLAYAS DE ROSARITO,2
999,NO ESPECIFICADO,2
1,COMONDÈ,3
2,MULEGê,3
3,LA PAZ,3
8,LOS CABOS,3
9,LORETO,3
999,NO ESPECIFICADO,3
1,CALKIN÷,4
2,CAMPECHE,4
3,CARMEN,4
4,CHAMPOT‡N,4
5,HECELCHAKµN,4
6,HOPELCHêN,4
7,PALIZADA,4
8,TENABO,4
9,ESCµRCEGA,4
10,CALAKMUL,4
11,CANDELARIA,4
999,NO ESPECIFICADO,4
1,ABASOLO,5
2,ACU•A,5
3,ALLENDE,5
4,ARTEAGA,5
5,CANDELA,5
6,CASTA•OS,5
7,CUATRO CIêNEGAS,5
8,ESCOBEDO,5
9,FRANCISCO I. MADERO,5
10,FRONTERA,5
11,GENERAL CEPEDA,5
12,GUERRERO,5
13,HIDALGO,5
14,JIMêNEZ,5
15,JUµREZ,5
16,LAMADRID,5
17,MATAMOROS,5
18,MONCLOVA,5
19,MORELOS,5
20,MÈZQUIZ,5
21,NADADORES,5
22,NAVA,5
23,OCAMPO,5
24,PARRAS,5
25,PIEDRAS NEGRAS,5
26,PROGRESO,5
27,RAMOS ARIZPE,5
28,SABINAS,5
29,SACRAMENTO,5
30,SALTILLO,5
31,SAN BUENAVENTURA,5
32,SAN JUAN DE SABINAS,5
33,SAN PEDRO,5
34,SIERRA MOJADA,5
35,TORRE‡N,5
36,VIESCA,5
37,VILLA UNI‡N,5
38,ZARAGOZA,5
999,NO ESPECIFICADO,5
1,ARMER÷A,6
2,COLIMA,6
3,COMALA,6
4,COQUIMATLµN,6
5,CUAUHTêMOC,6
6,IXTLAHUACµN,6
7,MANZANILLO,6
8,MINATITLµN,6
9,TECOMµN,6
10,VILLA DE µLVAREZ,6
999,NO ESPECIFICADO,6
1,ACACOYAGUA,7
2,ACALA,7
3,ACAPETAHUA,7
4,ALTAMIRANO,7
5,AMATµN,7
6,AMATENANGO DE LA FRONTERA,7
7,AMATENANGO DEL VALLE,7
8,ANGEL ALBINO CORZO,7
9,ARRIAGA,7
10,BEJUCAL DE OCAMPO,7
11,BELLA VISTA,7
12,BERRIOZµBAL,7
13,BOCHIL,7
14,EL BOSQUE,7
15,CACAHOATµN,7
16,CATAZAJµ,7
17,CINTALAPA,7
18,COAPILLA,7
19,COMITµN DE DOM÷NGUEZ,7
20,LA CONCORDIA,7
21,COPAINALµ,7
22,CHALCHIHUITµN,7
23,CHAMULA,7
24,CHANAL,7
25,CHAPULTENANGO,7
26,CHENALH‡,7
27,CHIAPA DE CORZO,7
28,CHIAPILLA,7
29,CHICOASêN,7
30,CHICOMUSELO,7
31,CHIL‡N,7
32,ESCUINTLA,7
33,FRANCISCO LE‡N,7
34,FRONTERA COMALAPA,7
35,FRONTERA HIDALGO,7
36,LA GRANDEZA,7
37,HUEHUETµN,7
38,HUIXTµN,7
39,HUITIUPµN,7
40,HUIXTLA,7
41,LA INDEPENDENCIA,7
42,IXHUATµN,7
43,IXTACOMITµN,7
44,IXTAPA,7
45,IXTAPANGAJOYA,7
46,JIQUIPILAS,7
47,JITOTOL,7
48,JUµREZ,7
49,LARRµINZAR,7
50,LA LIBERTAD,7
51,MAPASTEPEC,7
52,LAS MARGARITAS,7
53,MAZAPA DE MADERO,7
54,MAZATµN,7
55,METAPA,7
56,MITONTIC,7
57,MOTOZINTLA,7
58,NICOLµS RU÷Z,7
59,OCOSINGO,7
60,OCOTEPEC,7
61,OCOZOCOAUTLA DE ESPINOSA,7
62,OSTUACµN,7
63,OSUMACINTA,7
64,OXCHUC,7
65,PALENQUE,7
66,PANTELH‡,7
67,PANTEPEC,7
68,PICHUCALCO,7
69,PIJIJIAPAN,7
70,EL PORVENIR,7
71,VILLA COMALTITLµN,7
72,PUEBLO NUEVO SOLISTAHUACµN,7
73,RAY‡N,7
74,REFORMA,7
75,LAS ROSAS,7
76,SABANILLA,7
77,SALTO DE AGUA,7
78,SAN CRIST‡BAL DE LAS CASAS,7
79,SAN FERNANDO,7
80,SILTEPEC,7
81,SIMOJOVEL,7
82,SITALµ,7
83,SOCOLTENANGO,7
84,SOLOSUCHIAPA,7
85,SOYAL‡,7
86,SUCHIAPA,7
87,SUCHIATE,7
88,SUNUAPA,7
89,TAPACHULA,7
90,TAPALAPA,7
91,TAPILULA,7
92,TECPATµN,7
93,TENEJAPA,7
94,TEOPISCA,7
96,TILA,7
97,TONALµ,7
98,TOTOLAPA,7
99,LA TRINITARIA,7
100,TUMBALµ,7
101,TUXTLA GUTIêRREZ,7
102,TUXTLA CHICO,7
103,TUZANTµN,7
104,TZIMOL,7
105,UNI‡N JUµREZ,7
106,VENUSTIANO CARRANZA,7
107,VILLA CORZO,7
108,VILLAFLORES,7
109,YAJAL‡N,7
110,SAN LUCAS,7
111,ZINACANTµN,7
112,SAN JUAN CANCUC,7
113,ALDAMA,7
114,BENEMêRITO DE LAS AMêRICAS,7
115,MARAVILLA TENEJAPA,7
116,MARQUêS DE COMILLAS,7
117,MONTECRISTO DE GUERRERO,7
118,SAN ANDRêS DURAZNAL,7
119,SANTIAGO EL PINAR,7
120,CAPITµN LUIS µNGEL VIDAL,7
121,RINC‡N CHAMULA SAN PEDRO,7
122,EL PARRAL,7
123,EMILIANO ZAPATA,7
124,MEZCALAPA,7
999,NO ESPECIFICADO,7
1,AHUMADA,8
2,ALDAMA,8
3,ALLENDE,8
4,AQUILES SERDµN,8
5,ASCENSI‡N,8
6,BACH÷NIVA,8
7,BALLEZA,8
8,BATOPILAS DE MANUEL G‡MEZ MOR÷N,8
9,BOCOYNA,8
10,BUENAVENTURA,8
11,CAMARGO,8
12,CARICH÷,8
13,CASAS GRANDES,8
14,CORONADO,8
15,COYAME DEL SOTOL,8
16,LA CRUZ,8
17,CUAUHTêMOC,8
18,CUSIHUIRIACHI,8
19,CHIHUAHUA,8
20,CH÷NIPAS,8
21,DELICIAS,8
22,DR. BELISARIO DOM÷NGUEZ,8
23,GALEANA,8
24,SANTA ISABEL,8
25,G‡MEZ FAR÷AS,8
26,GRAN MORELOS,8
27,GUACHOCHI,8
28,GUADALUPE,8
29,GUADALUPE Y CALVO,8
30,GUAZAPARES,8
31,GUERRERO,8
32,HIDALGO DEL PARRAL,8
33,HUEJOTITµN,8
34,IGNACIO ZARAGOZA,8
35,JANOS,8
36,JIMêNEZ,8
37,JUµREZ,8
38,JULIMES,8
39,L‡PEZ,8
40,MADERA,8
41,MAGUARICHI,8
42,MANUEL BENAVIDES,8
43,MATACH÷,8
44,MATAMOROS,8
45,MEOQUI,8
46,MORELOS,8
47,MORIS,8
48,NAMIQUIPA,8
49,NONOAVA,8
50,NUEVO CASAS GRANDES,8
51,OCAMPO,8
52,OJINAGA,8
53,PRAXEDIS G. GUERRERO,8
54,RIVA PALACIO,8
55,ROSALES,8
56,ROSARIO,8
57,SAN FRANCISCO DE BORJA,8
58,SAN FRANCISCO DE CONCHOS,8
59,SAN FRANCISCO DEL ORO,8
60,SANTA BµRBARA,8
61,SATEV‡,8
62,SAUCILLO,8
63,TEM‡SACHIC,8
64,EL TULE,8
65,URIQUE,8
66,URUACHI,8
67,VALLE DE ZARAGOZA,8
999,NO ESPECIFICADO,8
2,AZCAPOTZALCO,9
3,COYOACµN,9
4,CUAJIMALPA DE MORELOS,9
5,GUSTAVO A. MADERO,9
6,IZTACALCO,9
7,IZTAPALAPA,9
8,LA MAGDALENA CONTRERAS,9
9,MILPA ALTA,9
10,µLVARO OBREG‡N,9
11,TLµHUAC,9
12,TLALPAN,9
13,XOCHIMILCO,9
14,BENITO JUµREZ,9
15,CUAUHTêMOC,9
16,MIGUEL HIDALGO,9
17,VENUSTIANO CARRANZA,9
999,NO ESPECIFICADO,9
1,CANATLµN,10
2,CANELAS,10
3,CONETO DE COMONFORT,10
4,CUENCAMê,10
5,DURANGO,10
6,GENERAL SIM‡N BOL÷VAR,10
7,G‡MEZ PALACIO,10
8,GUADALUPE VICTORIA,10
9,GUANACEV÷,10
10,HIDALGO,10
11,INDê,10
12,LERDO,10
13,MAPIM÷,10
14,MEZQUITAL,10
15,NAZAS,10
16,NOMBRE DE DIOS,10
17,OCAMPO,10
18,EL ORO,10
19,OTµEZ,10
20,PµNUCO DE CORONADO,10
21,PE•‡N BLANCO,10
22,POANAS,10
23,PUEBLO NUEVO,10
24,RODEO,10
25,SAN BERNARDO,10
26,SAN DIMAS,10
27,SAN JUAN DE GUADALUPE,10
28,SAN JUAN DEL R÷O,10
29,SAN LUIS DEL CORDERO,10
30,SAN PEDRO DEL GALLO,10
31,SANTA CLARA,10
32,SANTIAGO PAPASQUIARO,10
33,SÈCHIL,10
34,TAMAZULA,10
35,TEPEHUANES,10
36,TLAHUALILO,10
37,TOPIA,10
38,VICENTE GUERRERO,10
39,NUEVO IDEAL,10
999,NO ESPECIFICADO,10
1,ABASOLO,11
2,ACµMBARO,11
3,SAN MIGUEL DE ALLENDE,11
4,APASEO EL ALTO,11
5,APASEO EL GRANDE,11
6,ATARJEA,11
7,CELAYA,11
8,MANUEL DOBLADO,11
9,COMONFORT,11
10,CORONEO,11
11,CORTAZAR,11
12,CUERµMARO,11
13,DOCTOR MORA,11
14,DOLORES HIDALGO CUNA DE LA INDEPENDENCIA NACIONAL,11
15,GUANAJUATO,11
16,HUAN÷MARO,11
17,IRAPUATO,11
18,JARAL DEL PROGRESO,11
19,JERêCUARO,11
20,LE‡N,11
21,MOROLE‡N,11
22,OCAMPO,11
23,PêNJAMO,11
24,PUEBLO NUEVO,11
25,PUR÷SIMA DEL RINC‡N,11
26,ROMITA,11
27,SALAMANCA,11
28,SALVATIERRA,11
29,SAN DIEGO DE LA UNI‡N,11
30,SAN FELIPE,11
31,SAN FRANCISCO DEL RINC‡N,11
32,SAN JOSê ITURBIDE,11
33,SAN LUIS DE LA PAZ,11
34,SANTA CATARINA,11
35,SANTA CRUZ DE JUVENTINO ROSAS,11
36,SANTIAGO MARAVAT÷O,11
37,SILAO DE LA VICTORIA,11
38,TARANDACUAO,11
39,TARIMORO,11
40,TIERRA BLANCA,11
41,URIANGATO,11
42,VALLE DE SANTIAGO,11
43,VICTORIA,11
44,VILLAGRµN,11
45,XICHÈ,11
46,YURIRIA,11
999,NO ESPECIFICADO,11
1,ACAPULCO DE JUµREZ,12
2,AHUACUOTZINGO,12
3,AJUCHITLµN DEL PROGRESO,12
4,ALCOZAUCA DE GUERRERO,12
5,ALPOYECA,12
6,APAXTLA,12
7,ARCELIA,12
8,ATENANGO DEL R÷O,12
9,ATLAMAJALCINGO DEL MONTE,12
10,ATLIXTAC,12
11,ATOYAC DE µLVAREZ,12
12,AYUTLA DE LOS LIBRES,12
13,AZOYÈ,12
14,BENITO JUµREZ,12
15,BUENAVISTA DE CUêLLAR,12
16,COAHUAYUTLA DE JOSê MAR÷A IZAZAGA,12
17,COCULA,12
18,COPALA,12
19,COPALILLO,12
20,COPANATOYAC,12
21,COYUCA DE BEN÷TEZ,12
22,COYUCA DE CATALµN,12
23,CUAJINICUILAPA,12
24,CUALµC,12
25,CUAUTEPEC,12
26,CUETZALA DEL PROGRESO,12
27,CUTZAMALA DE PINZ‡N,12
28,CHILAPA DE µLVAREZ,12
29,CHILPANCINGO DE LOS BRAVO,12
30,FLORENCIO VILLARREAL,12
31,GENERAL CANUTO A. NERI,12
32,GENERAL HELIODORO CASTILLO,12
33,HUAMUXTITLµN,12
34,HUITZUCO DE LOS FIGUEROA,12
35,IGUALA DE LA INDEPENDENCIA,12
36,IGUALAPA,12
37,IXCATEOPAN DE CUAUHTêMOC,12
38,ZIHUATANEJO DE AZUETA,12
39,JUAN R. ESCUDERO,12
40,LEONARDO BRAVO,12
41,MALINALTEPEC,12
42,MµRTIR DE CUILAPAN,12
43,METLAT‡NOC,12
44,MOCHITLµN,12
45,OLINALµ,12
46,OMETEPEC,12
47,PEDRO ASCENCIO ALQUISIRAS,12
48,PETATLµN,12
49,PILCAYA,12
50,PUNGARABATO,12
51,QUECHULTENANGO,12
52,SAN LUIS ACATLµN,12
53,SAN MARCOS,12
54,SAN MIGUEL TOTOLAPAN,12
55,TAXCO DE ALARC‡N,12
56,TECOANAPA,12
57,TêCPAN DE GALEANA,12
58,TELOLOAPAN,12
59,TEPECOACUILCO DE TRUJANO,12
60,TETIPAC,12
61,TIXTLA DE GUERRERO,12
62,TLACOACHISTLAHUACA,12
63,TLACOAPA,12
64,TLALCHAPA,12
65,TLALIXTAQUILLA DE MALDONADO,12
66,TLAPA DE COMONFORT,12
67,TLAPEHUALA,12
68,LA UNI‡N DE ISIDORO MONTES DE OCA,12
69,XALPATLµHUAC,12
70,XOCHIHUEHUETLµN,12
71,XOCHISTLAHUACA,12
72,ZAPOTITLµN TABLAS,12
73,ZIRµNDARO,12
74,ZITLALA,12
75,EDUARDO NERI,12
76,ACATEPEC,12
77,MARQUELIA,12
78,COCHOAPA EL GRANDE,12
79,JOSê JOAQU÷N DE HERRERA,12
80,JUCHITµN,12
81,ILIATENCO,12
999,NO ESPECIFICADO,12
1,ACATLµN,13
2,ACAXOCHITLµN,13
3,ACTOPAN,13
4,AGUA BLANCA DE ITURBIDE,13
5,AJACUBA,13
6,ALFAJAYUCAN,13
7,ALMOLOYA,13
8,APAN,13
9,EL ARENAL,13
10,ATITALAQUIA,13
11,ATLAPEXCO,13
12,ATOTONILCO EL GRANDE,13
13,ATOTONILCO DE TULA,13
14,CALNALI,13
15,CARDONAL,13
16,CUAUTEPEC DE HINOJOSA,13
17,CHAPANTONGO,13
18,CHAPULHUACµN,13
19,CHILCUAUTLA,13
20,ELOXOCHITLµN,13
21,EMILIANO ZAPATA,13
22,EPAZOYUCAN,13
23,FRANCISCO I. MADERO,13
24,HUASCA DE OCAMPO,13
25,HUAUTLA,13
26,HUAZALINGO,13
27,HUEHUETLA,13
28,HUEJUTLA DE REYES,13
29,HUICHAPAN,13
30,IXMIQUILPAN,13
31,JACALA DE LEDEZMA,13
32,JALTOCµN,13
33,JUµREZ HIDALGO,13
34,LOLOTLA,13
35,METEPEC,13
36,SAN AGUST÷N METZQUITITLµN,13
37,METZTITLµN,13
38,MINERAL DEL CHICO,13
39,MINERAL DEL MONTE,13
40,LA MISI‡N,13
41,MIXQUIAHUALA DE JUµREZ,13
42,MOLANGO DE ESCAMILLA,13
43,NICOLµS FLORES,13
44,NOPALA DE VILLAGRµN,13
45,OMITLµN DE JUµREZ,13
46,SAN FELIPE ORIZATLµN,13
47,PACULA,13
48,PACHUCA DE SOTO,13
49,PISAFLORES,13
50,PROGRESO DE OBREG‡N,13
51,MINERAL DE LA REFORMA,13
52,SAN AGUST÷N TLAXIACA,13
53,SAN BARTOLO TUTOTEPEC,13
54,SAN SALVADOR,13
55,SANTIAGO DE ANAYA,13
56,SANTIAGO TULANTEPEC DE LUGO GUERRERO,13
57,SINGUILUCAN,13
58,TASQUILLO,13
59,TECOZAUTLA,13
60,TENANGO DE DORIA,13
61,TEPEAPULCO,13
62,TEPEHUACµN DE GUERRERO,13
63,TEPEJI DEL R÷O DE OCAMPO,13
64,TEPETITLµN,13
65,TETEPANGO,13
66,VILLA DE TEZONTEPEC,13
67,TEZONTEPEC DE ALDAMA,13
68,TIANGUISTENGO,13
69,TIZAYUCA,13
70,TLAHUELILPAN,13
71,TLAHUILTEPA,13
72,TLANALAPA,13
73,TLANCHINOL,13
74,TLAXCOAPAN,13
75,TOLCAYUCA,13
76,TULA DE ALLENDE,13
77,TULANCINGO DE BRAVO,13
78,XOCHIATIPAN,13
79,XOCHICOATLµN,13
80,YAHUALICA,13
81,ZACUALTIPµN DE µNGELES,13
82,ZAPOTLµN DE JUµREZ,13
83,ZEMPOALA,13
84,ZIMAPµN,13
999,NO ESPECIFICADO,13
1,ACATIC,14
2,ACATLµN DE JUµREZ,14
3,AHUALULCO DE MERCADO,14
4,AMACUECA,14
5,AMATITµN,14
6,AMECA,14
7,SAN JUANITO DE ESCOBEDO,14
8,ARANDAS,14
9,EL ARENAL,14
10,ATEMAJAC DE BRIZUELA,14
11,ATENGO,14
12,ATENGUILLO,14
13,ATOTONILCO EL ALTO,14
14,ATOYAC,14
15,AUTLµN DE NAVARRO,14
16,AYOTLµN,14
17,AYUTLA,14
18,LA BARCA,14
19,BOLA•OS,14
20,CABO CORRIENTES,14
21,CASIMIRO CASTILLO,14
22,CIHUATLµN,14
23,ZAPOTLµN EL GRANDE,14
24,COCULA,14
25,COLOTLµN,14
26,CONCEPCI‡N DE BUENOS AIRES,14
27,CUAUTITLµN DE GARC÷A BARRAGµN,14
28,CUAUTLA,14
29,CUQU÷O,14
30,CHAPALA,14
31,CHIMALTITµN,14
32,CHIQUILISTLµN,14
33,DEGOLLADO,14
34,EJUTLA,14
35,ENCARNACI‡N DE D÷AZ,14
36,ETZATLµN,14
37,EL GRULLO,14
38,GUACHINANGO,14
39,GUADALAJARA,14
40,HOSTOTIPAQUILLO,14
41,HUEJÈCAR,14
42,HUEJUQUILLA EL ALTO,14
43,LA HUERTA,14
44,IXTLAHUACµN DE LOS MEMBRILLOS,14
45,IXTLAHUACµN DEL R÷O,14
46,JALOSTOTITLµN,14
47,JAMAY,14
48,JESÈS MAR÷A,14
49,JILOTLµN DE LOS DOLORES,14
50,JOCOTEPEC,14
51,JUANACATLµN,14
52,JUCHITLµN,14
53,LAGOS DE MORENO,14
54,EL LIM‡N,14
55,MAGDALENA,14
56,SANTA MAR÷A DEL ORO,14
57,LA MANZANILLA DE LA PAZ,14
58,MASCOTA,14
59,MAZAMITLA,14
60,MEXTICACµN,14
61,MEZQUITIC,14
62,MIXTLµN,14
63,OCOTLµN,14
64,OJUELOS DE JALISCO,14
65,PIHUAMO,14
66,PONCITLµN,14
67,PUERTO VALLARTA,14
68,VILLA PURIFICACI‡N,14
69,QUITUPAN,14
70,EL SALTO,14
71,SAN CRIST‡BAL DE LA BARRANCA,14
72,SAN DIEGO DE ALEJANDR÷A,14
73,SAN JUAN DE LOS LAGOS,14
74,SAN JULIµN,14
75,SAN MARCOS,14
76,SAN MART÷N DE BOLA•OS,14
77,SAN MART÷N HIDALGO,14
78,SAN MIGUEL EL ALTO,14
79,G‡MEZ FAR÷AS,14
80,SAN SEBASTIµN DEL OESTE,14
81,SANTA MAR÷A DE LOS µNGELES,14
82,SAYULA,14
83,TALA,14
84,TALPA DE ALLENDE,14
85,TAMAZULA DE GORDIANO,14
86,TAPALPA,14
87,TECALITLµN,14
88,TECOLOTLµN,14
89,TECHALUTA DE MONTENEGRO,14
90,TENAMAXTLµN,14
91,TEOCALTICHE,14
92,TEOCUITATLµN DE CORONA,14
93,TEPATITLµN DE MORELOS,14
94,TEQUILA,14
95,TEUCHITLµN,14
96,TIZAPµN EL ALTO,14
97,TLAJOMULCO DE ZÈ•IGA,14
98,SAN PEDRO TLAQUEPAQUE,14
99,TOLIMµN,14
100,TOMATLµN,14
101,TONALµ,14
102,TONAYA,14
103,TONILA,14
104,TOTATICHE,14
105,TOTOTLµN,14
106,TUXCACUESCO,14
107,TUXCUECA,14
108,TUXPAN,14
109,UNI‡N DE SAN ANTONIO,14
110,UNI‡N DE TULA,14
111,VALLE DE GUADALUPE,14
112,VALLE DE JUµREZ,14
113,SAN GABRIEL,14
114,VILLA CORONA,14
115,VILLA GUERRERO,14
116,VILLA HIDALGO,14
117,CA•ADAS DE OBREG‡N,14
118,YAHUALICA DE GONZµLEZ GALLO,14
119,ZACOALCO DE TORRES,14
120,ZAPOPAN,14
121,ZAPOTILTIC,14
122,ZAPOTITLµN DE VADILLO,14
123,ZAPOTLµN DEL REY,14
124,ZAPOTLANEJO,14
125,SAN IGNACIO CERRO GORDO,14
999,NO ESPECIFICADO,14
1,ACAMBAY DE RU÷Z CASTA•EDA,15
2,ACOLMAN,15
3,ACULCO,15
4,ALMOLOYA DE ALQUISIRAS,15
5,ALMOLOYA DE JUµREZ,15
6,ALMOLOYA DEL R÷O,15
7,AMANALCO,15
8,AMATEPEC,15
9,AMECAMECA,15
10,APAXCO,15
11,ATENCO,15
12,ATIZAPµN,15
13,ATIZAPµN DE ZARAGOZA,15
14,ATLACOMULCO,15
15,ATLAUTLA,15
16,AXAPUSCO,15
17,AYAPANGO,15
18,CALIMAYA,15
19,CAPULHUAC,15
20,COACALCO DE BERRIOZµBAL,15
21,COATEPEC HARINAS,15
22,COCOTITLµN,15
23,COYOTEPEC,15
24,CUAUTITLµN,15
25,CHALCO,15
26,CHAPA DE MOTA,15
27,CHAPULTEPEC,15
28,CHIAUTLA,15
29,CHICOLOAPAN,15
30,CHICONCUAC,15
31,CHIMALHUACµN,15
32,DONATO GUERRA,15
33,ECATEPEC DE MORELOS,15
34,ECATZINGO,15
35,HUEHUETOCA,15
36,HUEYPOXTLA,15
37,HUIXQUILUCAN,15
38,ISIDRO FABELA,15
39,IXTAPALUCA,15
40,IXTAPAN DE LA SAL,15
41,IXTAPAN DEL ORO,15
42,IXTLAHUACA,15
43,XALATLACO,15
44,JALTENCO,15
45,JILOTEPEC,15
46,JILOTZINGO,15
47,JIQUIPILCO,15
48,JOCOTITLµN,15
49,JOQUICINGO,15
50,JUCHITEPEC,15
51,LERMA,15
52,MALINALCO,15
53,MELCHOR OCAMPO,15
54,METEPEC,15
55,MEXICALTZINGO,15
56,MORELOS,15
57,NAUCALPAN DE JUµREZ,15
58,NEZAHUALC‡YOTL,15
59,NEXTLALPAN,15
60,NICOLµS ROMERO,15
61,NOPALTEPEC,15
62,OCOYOACAC,15
63,OCUILAN,15
64,EL ORO,15
65,OTUMBA,15
66,OTZOLOAPAN,15
67,OTZOLOTEPEC,15
68,OZUMBA,15
69,PAPALOTLA,15
70,LA PAZ,15
71,POLOTITLµN,15
72,RAY‡N,15
73,SAN ANTONIO LA ISLA,15
74,SAN FELIPE DEL PROGRESO,15
75,SAN MART÷N DE LAS PIRµMIDES,15
76,SAN MATEO ATENCO,15
77,SAN SIM‡N DE GUERRERO,15
78,SANTO TOMµS,15
79,SOYANIQUILPAN DE JUµREZ,15
80,SULTEPEC,15
81,TECµMAC,15
82,TEJUPILCO,15
83,TEMAMATLA,15
84,TEMASCALAPA,15
85,TEMASCALCINGO,15
86,TEMASCALTEPEC,15
87,TEMOAYA,15
88,TENANCINGO,15
89,TENANGO DEL AIRE,15
90,TENANGO DEL VALLE,15
91,TEOLOYUCAN,15
92,TEOTIHUACµN,15
93,TEPETLAOXTOC,15
94,TEPETLIXPA,15
95,TEPOTZOTLµN,15
96,TEQUIXQUIAC,15
97,TEXCALTITLµN,15
98,TEXCALYACAC,15
99,TEXCOCO,15
100,TEZOYUCA,15
101,TIANGUISTENCO,15
102,TIMILPAN,15
103,TLALMANALCO,15
104,TLALNEPANTLA DE BAZ,15
105,TLATLAYA,15
106,TOLUCA,15
107,TONATICO,15
108,TULTEPEC,15
109,TULTITLµN,15
110,VALLE DE BRAVO,15
111,VILLA DE ALLENDE,15
112,VILLA DEL CARB‡N,15
113,VILLA GUERRERO,15
114,VILLA VICTORIA,15
115,XONACATLµN,15
116,ZACAZONAPAN,15
117,ZACUALPAN,15
118,ZINACANTEPEC,15
119,ZUMPAHUACµN,15
120,ZUMPANGO,15
121,CUAUTITLµN IZCALLI,15
122,VALLE DE CHALCO SOLIDARIDAD,15
123,LUVIANOS,15
124,SAN JOSê DEL RINC‡N,15
125,TONANITLA,15
999,NO ESPECIFICADO,15
1,ACUITZIO,16
2,AGUILILLA,16
3,µLVARO OBREG‡N,16
4,ANGAMACUTIRO,16
5,ANGANGUEO,16
6,APATZINGµN,16
7,APORO,16
8,AQUILA,16
9,ARIO,16
10,ARTEAGA,16
11,BRISE•AS,16
12,BUENAVISTA,16
13,CARµCUARO,16
14,COAHUAYANA,16
15,COALCOMµN DE VµZQUEZ PALLARES,16
16,COENEO,16
17,CONTEPEC,16
18,COPµNDARO,16
19,COTIJA,16
20,CUITZEO,16
21,CHARAPAN,16
22,CHARO,16
23,CHAVINDA,16
24,CHERµN,16
25,CHILCHOTA,16
26,CHINICUILA,16
27,CHUCµNDIRO,16
28,CHURINTZIO,16
29,CHURUMUCO,16
30,ECUANDUREO,16
31,EPITACIO HUERTA,16
32,ERONGAR÷CUARO,16
33,GABRIEL ZAMORA,16
34,HIDALGO,16
35,LA HUACANA,16
36,HUANDACAREO,16
37,HUANIQUEO,16
38,HUETAMO,16
39,HUIRAMBA,16
40,INDAPARAPEO,16
41,IRIMBO,16
42,IXTLµN,16
43,JACONA,16
44,JIMêNEZ,16
45,JIQUILPAN,16
46,JUµREZ,16
47,JUNGAPEO,16
48,LAGUNILLAS,16
49,MADERO,16
50,MARAVAT÷O,16
51,MARCOS CASTELLANOS,16
52,LµZARO CµRDENAS,16
53,MORELIA,16
54,MORELOS,16
55,MÈGICA,16
56,NAHUATZEN,16
57,NOCUPêTARO,16
58,NUEVO PARANGARICUTIRO,16
59,NUEVO URECHO,16
60,NUMARµN,16
61,OCAMPO,16
62,PAJACUARµN,16
63,PANIND÷CUARO,16
64,PARµCUARO,16
65,PARACHO,16
66,PµTZCUARO,16
67,PENJAMILLO,16
68,PERIBµN,16
69,LA PIEDAD,16
70,PURêPERO,16
71,PURUµNDIRO,16
72,QUERêNDARO,16
73,QUIROGA,16
74,COJUMATLµN DE RêGULES,16
75,LOS REYES,16
76,SAHUAYO,16
77,SAN LUCAS,16
78,SANTA ANA MAYA,16
79,SALVADOR ESCALANTE,16
80,SENGUIO,16
81,SUSUPUATO,16
82,TACµMBARO,16
83,TANC÷TARO,16
84,TANGAMANDAPIO,16
85,TANGANC÷CUARO,16
86,TANHUATO,16
87,TARETAN,16
88,TAR÷MBARO,16
89,TEPALCATEPEC,16
90,TINGAMBATO,16
91,TINGöIND÷N,16
92,TIQUICHEO DE NICOLµS ROMERO,16
93,TLALPUJAHUA,16
94,TLAZAZALCA,16
95,TOCUMBO,16
96,TUMBISCAT÷O,16
97,TURICATO,16
98,TUXPAN,16
99,TUZANTLA,16
100,TZINTZUNTZAN,16
101,TZITZIO,16
102,URUAPAN,16
103,VENUSTIANO CARRANZA,16
104,VILLAMAR,16
105,VISTA HERMOSA,16
106,YURêCUARO,16
107,ZACAPU,16
108,ZAMORA,16
109,ZINµPARO,16
110,ZINAPêCUARO,16
111,ZIRACUARETIRO,16
112,ZITµCUARO,16
113,JOSê SIXTO VERDUZCO,16
999,NO ESPECIFICADO,16
1,AMACUZAC,17
2,ATLATLAHUCAN,17
3,AXOCHIAPAN,17
4,AYALA,17
5,COATLµN DEL R÷O,17
6,CUAUTLA,17
7,CUERNAVACA,17
8,EMILIANO ZAPATA,17
9,HUITZILAC,17
10,JANTETELCO,17
11,JIUTEPEC,17
12,JOJUTLA,17
13,JONACATEPEC DE LEANDRO VALLE,17
14,MAZATEPEC,17
15,MIACATLµN,17
16,OCUITUCO,17
17,PUENTE DE IXTLA,17
18,TEMIXCO,17
19,TEPALCINGO,17
20,TEPOZTLµN,17
21,TETECALA,17
22,TETELA DEL VOLCµN,17
23,TLALNEPANTLA,17
24,TLALTIZAPµN DE ZAPATA,17
25,TLAQUILTENANGO,17
26,TLAYACAPAN,17
27,TOTOLAPAN,17
28,XOCHITEPEC,17
29,YAUTEPEC,17
30,YECAPIXTLA,17
31,ZACATEPEC,17
32,ZACUALPAN DE AMILPAS,17
33,TEMOAC,17
34,COATETELCO,17
35,XOXOCOTLA,17
999,NO ESPECIFICADO,17
1,ACAPONETA,18
2,AHUACATLµN,18
3,AMATLµN DE CA•AS,18
4,COMPOSTELA,18
5,HUAJICORI,18
6,IXTLµN DEL R÷O,18
7,JALA,18
8,XALISCO,18
9,DEL NAYAR,18
10,ROSAMORADA,18
11,RU÷Z,18
12,SAN BLAS,18
13,SAN PEDRO LAGUNILLAS,18
14,SANTA MAR÷A DEL ORO,18
15,SANTIAGO IXCUINTLA,18
16,TECUALA,18
17,TEPIC,18
18,TUXPAN,18
19,LA YESCA,18
20,BAH÷A DE BANDERAS,18
999,NO ESPECIFICADO,18
1,ABASOLO,19
2,AGUALEGUAS,19
3,LOS ALDAMAS,19
4,ALLENDE,19
5,ANµHUAC,19
6,APODACA,19
7,ARAMBERRI,19
8,BUSTAMANTE,19
9,CADEREYTA JIMêNEZ,19
10,EL CARMEN,19
11,CERRALVO,19
12,CIêNEGA DE FLORES,19
13,CHINA,19
14,DOCTOR ARROYO,19
15,DOCTOR COSS,19
16,DOCTOR GONZµLEZ,19
17,GALEANA,19
18,GARC÷A,19
19,SAN PEDRO GARZA GARC÷A,19
20,GENERAL BRAVO,19
21,GENERAL ESCOBEDO,19
22,GENERAL TERµN,19
23,GENERAL TREVI•O,19
24,GENERAL ZARAGOZA,19
25,GENERAL ZUAZUA,19
26,GUADALUPE,19
27,LOS HERRERAS,19
28,HIGUERAS,19
29,HUALAHUISES,19
30,ITURBIDE,19
31,JUµREZ,19
32,LAMPAZOS DE NARANJO,19
33,LINARES,19
34,MAR÷N,19
35,MELCHOR OCAMPO,19
36,MIER Y NORIEGA,19
37,MINA,19
38,MONTEMORELOS,19
39,MONTERREY,19
40,PARµS,19
41,PESQUER÷A,19
42,LOS RAMONES,19
43,RAYONES,19
44,SABINAS HIDALGO,19
45,SALINAS VICTORIA,19
46,SAN NICOLµS DE LOS GARZA,19
47,HIDALGO,19
48,SANTA CATARINA,19
49,SANTIAGO,19
50,VALLECILLO,19
51,VILLALDAMA,19
999,NO ESPECIFICADO,19
1,ABEJONES,20
2,ACATLµN DE PêREZ FIGUEROA,20
3,ASUNCI‡N CACALOTEPEC,20
4,ASUNCI‡N CUYOTEPEJI,20
5,ASUNCI‡N IXTALTEPEC,20
6,ASUNCI‡N NOCHIXTLµN,20
7,ASUNCI‡N OCOTLµN,20
8,ASUNCI‡N TLACOLULITA,20
9,AYOTZINTEPEC,20
10,EL BARRIO DE LA SOLEDAD,20
11,CALIHUALµ,20
12,CANDELARIA LOXICHA,20
13,CIêNEGA DE ZIMATLµN,20
14,CIUDAD IXTEPEC,20
15,COATECAS ALTAS,20
16,COICOYµN DE LAS FLORES,20
17,LA COMPA•÷A,20
18,CONCEPCI‡N BUENAVISTA,20
19,CONCEPCI‡N PµPALO,20
20,CONSTANCIA DEL ROSARIO,20
21,COSOLAPA,20
22,COSOLTEPEC,20
23,CUILµPAM DE GUERRERO,20
24,CUYAMECALCO VILLA DE ZARAGOZA,20
25,CHAHUITES,20
26,CHALCATONGO DE HIDALGO,20
27,CHIQUIHUITLµN DE BENITO JUµREZ,20
28,HEROICA CIUDAD DE EJUTLA DE CRESPO,20
29,ELOXOCHITLµN DE FLORES MAG‡N,20
30,EL ESPINAL,20
31,TAMAZULµPAM DEL ESP÷RITU SANTO,20
32,FRESNILLO DE TRUJANO,20
33,GUADALUPE ETLA,20
34,GUADALUPE DE RAM÷REZ,20
35,GUELATAO DE JUµREZ,20
36,GUEVEA DE HUMBOLDT,20
37,MESONES HIDALGO,20
38,VILLA HIDALGO,20
39,HEROICA CIUDAD DE HUAJUAPAN DE LE‡N,20
40,HUAUTEPEC,20
41,HUAUTLA DE JIMêNEZ,20
42,IXTLµN DE JUµREZ,20
43,JUCHITµN DE ZARAGOZA,20
44,LOMA BONITA,20
45,MAGDALENA APASCO,20
46,MAGDALENA JALTEPEC,20
47,SANTA MAGDALENA JICOTLµN,20
48,MAGDALENA MIXTEPEC,20
49,MAGDALENA OCOTLµN,20
50,MAGDALENA PE•ASCO,20
51,MAGDALENA TEITIPAC,20
52,MAGDALENA TEQUISISTLµN,20
53,MAGDALENA TLACOTEPEC,20
54,MAGDALENA ZAHUATLµN,20
55,MARISCALA DE JUµREZ,20
56,MµRTIRES DE TACUBAYA,20
57,MAT÷AS ROMERO AVENDA•O,20
58,MAZATLµN VILLA DE FLORES,20
59,MIAHUATLµN DE PORFIRIO D÷AZ,20
60,MIXISTLµN DE LA REFORMA,20
61,MONJAS,20
62,NATIVIDAD,20
63,NAZARENO ETLA,20
64,NEJAPA DE MADERO,20
65,IXPANTEPEC NIEVES,20
66,SANTIAGO NILTEPEC,20
67,OAXACA DE JUµREZ,20
68,OCOTLµN DE MORELOS,20
69,LA PE,20
70,PINOTEPA DE DON LUIS,20
71,PLUMA HIDALGO,20
72,SAN JOSê DEL PROGRESO,20
73,PUTLA VILLA DE GUERRERO,20
74,SANTA CATARINA QUIOQUITANI,20
75,REFORMA DE PINEDA,20
76,LA REFORMA,20
77,REYES ETLA,20
78,ROJAS DE CUAUHTêMOC,20
79,SALINA CRUZ,20
80,SAN AGUST÷N AMATENGO,20
81,SAN AGUST÷N ATENANGO,20
82,SAN AGUST÷N CHAYUCO,20
83,SAN AGUST÷N DE LAS JUNTAS,20
84,SAN AGUST÷N ETLA,20
85,SAN AGUST÷N LOXICHA,20
86,SAN AGUST÷N TLACOTEPEC,20
87,SAN AGUST÷N YATARENI,20
88,SAN ANDRêS CABECERA NUEVA,20
89,SAN ANDRêS DINICUITI,20
90,SAN ANDRêS HUAXPALTEPEC,20
91,SAN ANDRêS HUAYµPAM,20
92,SAN ANDRêS IXTLAHUACA,20
93,SAN ANDRêS LAGUNAS,20
94,SAN ANDRêS NUXI•O,20
95,SAN ANDRêS PAXTLµN,20
96,SAN ANDRêS SINAXTLA,20
97,SAN ANDRêS SOLAGA,20
98,SAN ANDRêS TEOTILµLPAM,20
99,SAN ANDRêS TEPETLAPA,20
100,SAN ANDRêS YAµ,20
101,SAN ANDRêS ZABACHE,20
102,SAN ANDRêS ZAUTLA,20
103,SAN ANTONINO CASTILLO VELASCO,20
104,SAN ANTONINO EL ALTO,20
105,SAN ANTONINO MONTE VERDE,20
106,SAN ANTONIO ACUTLA,20
107,SAN ANTONIO DE LA CAL,20
108,SAN ANTONIO HUITEPEC,20
109,SAN ANTONIO NANAHUAT÷PAM,20
110,SAN ANTONIO SINICAHUA,20
111,SAN ANTONIO TEPETLAPA,20
112,SAN BALTAZAR CHICHICµPAM,20
113,SAN BALTAZAR LOXICHA,20
114,SAN BALTAZAR YATZACHI EL BAJO,20
115,SAN BARTOLO COYOTEPEC,20
116,SAN BARTOLOMê AYAUTLA,20
117,SAN BARTOLOMê LOXICHA,20
118,SAN BARTOLOMê QUIALANA,20
119,SAN BARTOLOMê YUCUA•E,20
120,SAN BARTOLOMê ZOOGOCHO,20
121,SAN BARTOLO SOYALTEPEC,20
122,SAN BARTOLO YAUTEPEC,20
123,SAN BERNARDO MIXTEPEC,20
124,SAN BLAS ATEMPA,20
125,SAN CARLOS YAUTEPEC,20
126,SAN CRIST‡BAL AMATLµN,20
127,SAN CRIST‡BAL AMOLTEPEC,20
128,SAN CRIST‡BAL LACHIRIOAG,20
129,SAN CRIST‡BAL SUCHIXTLAHUACA,20
130,SAN DIONISIO DEL MAR,20
131,SAN DIONISIO OCOTEPEC,20
132,SAN DIONISIO OCOTLµN,20
133,SAN ESTEBAN ATATLAHUCA,20
134,SAN FELIPE JALAPA DE D÷AZ,20
135,SAN FELIPE TEJALµPAM,20
136,SAN FELIPE USILA,20
137,SAN FRANCISCO CAHUACUµ,20
138,SAN FRANCISCO CAJONOS,20
139,SAN FRANCISCO CHAPULAPA,20
140,SAN FRANCISCO CHINDÈA,20
141,SAN FRANCISCO DEL MAR,20
142,SAN FRANCISCO HUEHUETLµN,20
143,SAN FRANCISCO IXHUATµN,20
144,SAN FRANCISCO JALTEPETONGO,20
145,SAN FRANCISCO LACHIGOL‡,20
146,SAN FRANCISCO LOGUECHE,20
147,SAN FRANCISCO NUXA•O,20
148,SAN FRANCISCO OZOLOTEPEC,20
149,SAN FRANCISCO SOLA,20
150,SAN FRANCISCO TELIXTLAHUACA,20
151,SAN FRANCISCO TEOPAN,20
152,SAN FRANCISCO TLAPANCINGO,20
153,SAN GABRIEL MIXTEPEC,20
154,SAN ILDEFONSO AMATLµN,20
155,SAN ILDEFONSO SOLA,20
156,SAN ILDEFONSO VILLA ALTA,20
157,SAN JACINTO AMILPAS,20
158,SAN JACINTO TLACOTEPEC,20
159,SAN JER‡NIMO COATLµN,20
160,SAN JER‡NIMO SILACAYOAPILLA,20
161,SAN JER‡NIMO SOSOLA,20
162,SAN JER‡NIMO TAVICHE,20
163,SAN JER‡NIMO TEC‡ATL,20
164,SAN JORGE NUCHITA,20
165,SAN JOSê AYUQUILA,20
166,SAN JOSê CHILTEPEC,20
167,SAN JOSê DEL PE•ASCO,20
168,SAN JOSê ESTANCIA GRANDE,20
169,SAN JOSê INDEPENDENCIA,20
170,SAN JOSê LACHIGUIRI,20
171,SAN JOSê TENANGO,20
172,SAN JUAN ACHIUTLA,20
173,SAN JUAN ATEPEC,20
174,µNIMAS TRUJANO,20
175,SAN JUAN BAUTISTA ATATLAHUCA,20
176,SAN JUAN BAUTISTA COIXTLAHUACA,20
177,SAN JUAN BAUTISTA CUICATLµN,20
178,SAN JUAN BAUTISTA GUELACHE,20
179,SAN JUAN BAUTISTA JAYACATLµN,20
180,SAN JUAN BAUTISTA LO DE SOTO,20
181,SAN JUAN BAUTISTA SUCHITEPEC,20
182,SAN JUAN BAUTISTA TLACOATZINTEPEC,20
183,SAN JUAN BAUTISTA TLACHICHILCO,20
184,SAN JUAN BAUTISTA TUXTEPEC,20
185,SAN JUAN CACAHUATEPEC,20
186,SAN JUAN CIENEGUILLA,20
187,SAN JUAN COATZ‡SPAM,20
188,SAN JUAN COLORADO,20
189,SAN JUAN COMALTEPEC,20
190,SAN JUAN COTZOC‡N,20
191,SAN JUAN CHICOMEZÈCHIL,20
192,SAN JUAN CHILATECA,20
193,SAN JUAN DEL ESTADO,20
194,SAN JUAN DEL R÷O,20
195,SAN JUAN DIUXI,20
196,SAN JUAN EVANGELISTA ANALCO,20
197,SAN JUAN GUELAV÷A,20
198,SAN JUAN GUICHICOVI,20
199,SAN JUAN IHUALTEPEC,20
200,SAN JUAN JUQUILA MIXES,20
201,SAN JUAN JUQUILA VIJANOS,20
202,SAN JUAN LACHAO,20
203,SAN JUAN LACHIGALLA,20
204,SAN JUAN LAJARCIA,20
205,SAN JUAN LALANA,20
206,SAN JUAN DE LOS CUêS,20
207,SAN JUAN MAZATLµN,20
208,SAN JUAN MIXTEPEC,20
209,SAN JUAN MIXTEPEC,20
210,SAN JUAN •UM÷,20
211,SAN JUAN OZOLOTEPEC,20
212,SAN JUAN PETLAPA,20
213,SAN JUAN QUIAHIJE,20
214,SAN JUAN QUIOTEPEC,20
215,SAN JUAN SAYULTEPEC,20
216,SAN JUAN TABAµ,20
217,SAN JUAN TAMAZOLA,20
218,SAN JUAN TEITA,20
219,SAN JUAN TEITIPAC,20
220,SAN JUAN TEPEUXILA,20
221,SAN JUAN TEPOSCOLULA,20
222,SAN JUAN YAEê,20
223,SAN JUAN YATZONA,20
224,SAN JUAN YUCUITA,20
225,SAN LORENZO,20
226,SAN LORENZO ALBARRADAS,20
227,SAN LORENZO CACAOTEPEC,20
228,SAN LORENZO CUAUNECUILTITLA,20
229,SAN LORENZO TEXMELÈCAN,20
230,SAN LORENZO VICTORIA,20
231,SAN LUCAS CAMOTLµN,20
232,SAN LUCAS OJITLµN,20
233,SAN LUCAS QUIAVIN÷,20
234,SAN LUCAS ZOQUIµPAM,20
235,SAN LUIS AMATLµN,20
236,SAN MARCIAL OZOLOTEPEC,20
237,SAN MARCOS ARTEAGA,20
238,SAN MART÷N DE LOS CANSECOS,20
239,SAN MART÷N HUAMELÈLPAM,20
240,SAN MART÷N ITUNYOSO,20
241,SAN MART÷N LACHILµ,20
242,SAN MART÷N PERAS,20
243,SAN MART÷N TILCAJETE,20
244,SAN MART÷N TOXPALAN,20
245,SAN MART÷N ZACATEPEC,20
246,SAN MATEO CAJONOS,20
247,CAPULµLPAM DE MêNDEZ,20
248,SAN MATEO DEL MAR,20
249,SAN MATEO YOLOXOCHITLµN,20
250,SAN MATEO ETLATONGO,20
251,SAN MATEO NEJµPAM,20
252,SAN MATEO PE•ASCO,20
253,SAN MATEO PI•AS,20
254,SAN MATEO R÷O HONDO,20
255,SAN MATEO SINDIHUI,20
256,SAN MATEO TLAPILTEPEC,20
257,SAN MELCHOR BETAZA,20
258,SAN MIGUEL ACHIUTLA,20
259,SAN MIGUEL AHUEHUETITLµN,20
260,SAN MIGUEL ALOµPAM,20
261,SAN MIGUEL AMATITLµN,20
262,SAN MIGUEL AMATLµN,20
263,SAN MIGUEL COATLµN,20
264,SAN MIGUEL CHICAHUA,20
265,SAN MIGUEL CHIMALAPA,20
266,SAN MIGUEL DEL PUERTO,20
267,SAN MIGUEL DEL R÷O,20
268,SAN MIGUEL EJUTLA,20
269,SAN MIGUEL EL GRANDE,20
270,SAN MIGUEL HUAUTLA,20
271,SAN MIGUEL MIXTEPEC,20
272,SAN MIGUEL PANIXTLAHUACA,20
273,SAN MIGUEL PERAS,20
274,SAN MIGUEL PIEDRAS,20
275,SAN MIGUEL QUETZALTEPEC,20
276,SAN MIGUEL SANTA FLOR,20
277,VILLA SOLA DE VEGA,20
278,SAN MIGUEL SOYALTEPEC,20
279,SAN MIGUEL SUCHIXTEPEC,20
280,VILLA TALEA DE CASTRO,20
281,SAN MIGUEL TECOMATLµN,20
282,SAN MIGUEL TENANGO,20
283,SAN MIGUEL TEQUIXTEPEC,20
284,SAN MIGUEL TILQUIµPAM,20
285,SAN MIGUEL TLACAMAMA,20
286,SAN MIGUEL TLACOTEPEC,20
287,SAN MIGUEL TULANCINGO,20
288,SAN MIGUEL YOTAO,20
289,SAN NICOLµS,20
290,SAN NICOLµS HIDALGO,20
291,SAN PABLO COATLµN,20
292,SAN PABLO CUATRO VENADOS,20
293,SAN PABLO ETLA,20
294,SAN PABLO HUITZO,20
295,SAN PABLO HUIXTEPEC,20
296,SAN PABLO MACUILTIANGUIS,20
297,SAN PABLO TIJALTEPEC,20
298,SAN PABLO VILLA DE MITLA,20
299,SAN PABLO YAGANIZA,20
300,SAN PEDRO AMUZGOS,20
301,SAN PEDRO AP‡STOL,20
302,SAN PEDRO ATOYAC,20
303,SAN PEDRO CAJONOS,20
304,SAN PEDRO COXCALTEPEC CµNTAROS,20
305,SAN PEDRO COMITANCILLO,20
306,SAN PEDRO EL ALTO,20
307,SAN PEDRO HUAMELULA,20
308,SAN PEDRO HUILOTEPEC,20
309,SAN PEDRO IXCATLµN,20
310,SAN PEDRO IXTLAHUACA,20
311,SAN PEDRO JALTEPETONGO,20
312,SAN PEDRO JICAYµN,20
313,SAN PEDRO JOCOTIPAC,20
314,SAN PEDRO JUCHATENGO,20
315,SAN PEDRO MµRTIR,20
316,SAN PEDRO MµRTIR QUIECHAPA,20
317,SAN PEDRO MµRTIR YUCUXACO,20
318,SAN PEDRO MIXTEPEC,20
319,SAN PEDRO MIXTEPEC,20
320,SAN PEDRO MOLINOS,20
321,SAN PEDRO NOPALA,20
322,SAN PEDRO OCOPETATILLO,20
323,SAN PEDRO OCOTEPEC,20
324,SAN PEDRO POCHUTLA,20
325,SAN PEDRO QUIATONI,20
326,SAN PEDRO SOCHIµPAM,20
327,SAN PEDRO TAPANATEPEC,20
328,SAN PEDRO TAVICHE,20
329,SAN PEDRO TEOZACOALCO,20
330,SAN PEDRO TEUTILA,20
331,SAN PEDRO TIDAµ,20
332,SAN PEDRO TOPILTEPEC,20
333,SAN PEDRO TOTOLµPAM,20
334,VILLA DE TUTUTEPEC,20
335,SAN PEDRO YANERI,20
336,SAN PEDRO Y‡LOX,20
337,SAN PEDRO Y SAN PABLO AYUTLA,20
338,VILLA DE ETLA,20
339,SAN PEDRO Y SAN PABLO TEPOSCOLULA,20
340,SAN PEDRO Y SAN PABLO TEQUIXTEPEC,20
341,SAN PEDRO YUCUNAMA,20
342,SAN RAYMUNDO JALPAN,20
343,SAN SEBASTIµN ABASOLO,20
344,SAN SEBASTIµN COATLµN,20
345,SAN SEBASTIµN IXCAPA,20
346,SAN SEBASTIµN NICANANDUTA,20
347,SAN SEBASTIµN R÷O HONDO,20
348,SAN SEBASTIµN TECOMAXTLAHUACA,20
349,SAN SEBASTIµN TEITIPAC,20
350,SAN SEBASTIµN TUTLA,20
351,SAN SIM‡N ALMOLONGAS,20
352,SAN SIM‡N ZAHUATLµN,20
353,SANTA ANA,20
354,SANTA ANA ATEIXTLAHUACA,20
355,SANTA ANA CUAUHTêMOC,20
356,SANTA ANA DEL VALLE,20
357,SANTA ANA TAVELA,20
358,SANTA ANA TLAPACOYAN,20
359,SANTA ANA YARENI,20
360,SANTA ANA ZEGACHE,20
361,SANTA CATALINA QUIER÷,20
362,SANTA CATARINA CUIXTLA,20
363,SANTA CATARINA IXTEPEJI,20
364,SANTA CATARINA JUQUILA,20
365,SANTA CATARINA LACHATAO,20
366,SANTA CATARINA LOXICHA,20
367,SANTA CATARINA MECHOACµN,20
368,SANTA CATARINA MINAS,20
369,SANTA CATARINA QUIANê,20
370,SANTA CATARINA TAYATA,20
371,SANTA CATARINA TICUµ,20
372,SANTA CATARINA YOSONOTÈ,20
373,SANTA CATARINA ZAPOQUILA,20
374,SANTA CRUZ ACATEPEC,20
375,SANTA CRUZ AMILPAS,20
376,SANTA CRUZ DE BRAVO,20
377,SANTA CRUZ ITUNDUJIA,20
378,SANTA CRUZ MIXTEPEC,20
379,SANTA CRUZ NUNDACO,20
380,SANTA CRUZ PAPALUTLA,20
381,SANTA CRUZ TACACHE DE MINA,20
382,SANTA CRUZ TACAHUA,20
383,SANTA CRUZ TAYATA,20
384,SANTA CRUZ XITLA,20
385,SANTA CRUZ XOXOCOTLµN,20
386,SANTA CRUZ ZENZONTEPEC,20
387,SANTA GERTRUDIS,20
388,SANTA INêS DEL MONTE,20
389,SANTA INêS YATZECHE,20
390,SANTA LUC÷A DEL CAMINO,20
391,SANTA LUC÷A MIAHUATLµN,20
392,SANTA LUC÷A MONTEVERDE,20
393,SANTA LUC÷A OCOTLµN,20
394,SANTA MAR÷A ALOTEPEC,20
395,SANTA MAR÷A APAZCO,20
396,SANTA MAR÷A LA ASUNCI‡N,20
397,HEROICA CIUDAD DE TLAXIACO,20
398,AYOQUEZCO DE ALDAMA,20
399,SANTA MAR÷A ATZOMPA,20
400,SANTA MAR÷A CAMOTLµN,20
401,SANTA MAR÷A COLOTEPEC,20
402,SANTA MAR÷A CORTIJO,20
403,SANTA MAR÷A COYOTEPEC,20
404,SANTA MAR÷A CHACHOµPAM,20
405,VILLA DE CHILAPA DE D÷AZ,20
406,SANTA MAR÷A CHILCHOTLA,20
407,SANTA MAR÷A CHIMALAPA,20
408,SANTA MAR÷A DEL ROSARIO,20
409,SANTA MAR÷A DEL TULE,20
410,SANTA MAR÷A ECATEPEC,20
411,SANTA MAR÷A GUELACê,20
412,SANTA MAR÷A GUIENAGATI,20
413,SANTA MAR÷A HUATULCO,20
414,SANTA MAR÷A HUAZOLOTITLµN,20
415,SANTA MAR÷A IPALAPA,20
416,SANTA MAR÷A IXCATLµN,20
417,SANTA MAR÷A JACATEPEC,20
418,SANTA MAR÷A JALAPA DEL MARQUêS,20
419,SANTA MAR÷A JALTIANGUIS,20
420,SANTA MAR÷A LACHIX÷O,20
421,SANTA MAR÷A MIXTEQUILLA,20
422,SANTA MAR÷A NATIVITAS,20
423,SANTA MAR÷A NDUAYACO,20
424,SANTA MAR÷A OZOLOTEPEC,20
425,SANTA MAR÷A PµPALO,20
426,SANTA MAR÷A PE•OLES,20
427,SANTA MAR÷A PETAPA,20
428,SANTA MAR÷A QUIEGOLANI,20
429,SANTA MAR÷A SOLA,20
430,SANTA MAR÷A TATALTEPEC,20
431,SANTA MAR÷A TECOMAVACA,20
432,SANTA MAR÷A TEMAXCALAPA,20
433,SANTA MAR÷A TEMAXCALTEPEC,20
434,SANTA MAR÷A TEOPOXCO,20
435,SANTA MAR÷A TEPANTLALI,20
436,SANTA MAR÷A TEXCATITLµN,20
437,SANTA MAR÷A TLAHUITOLTEPEC,20
438,SANTA MAR÷A TLALIXTAC,20
439,SANTA MAR÷A TONAMECA,20
440,SANTA MAR÷A TOTOLAPILLA,20
441,SANTA MAR÷A XADANI,20
442,SANTA MAR÷A YALINA,20
443,SANTA MAR÷A YAVES÷A,20
444,SANTA MAR÷A YOLOTEPEC,20
445,SANTA MAR÷A YOSOYÈA,20
446,SANTA MAR÷A YUCUHITI,20
447,SANTA MAR÷A ZACATEPEC,20
448,SANTA MAR÷A ZANIZA,20
449,SANTA MAR÷A ZOQUITLµN,20
450,SANTIAGO AMOLTEPEC,20
451,SANTIAGO APOALA,20
452,SANTIAGO AP‡STOL,20
453,SANTIAGO ASTATA,20
454,SANTIAGO ATITLµN,20
455,SANTIAGO AYUQUILILLA,20
456,SANTIAGO CACALOXTEPEC,20
457,SANTIAGO CAMOTLµN,20
458,SANTIAGO COMALTEPEC,20
459,VILLA DE SANTIAGO CHAZUMBA,20
460,SANTIAGO CHOµPAM,20
461,SANTIAGO DEL R÷O,20
462,SANTIAGO HUAJOLOTITLµN,20
463,SANTIAGO HUAUCLILLA,20
464,SANTIAGO IHUITLµN PLUMAS,20
465,SANTIAGO IXCUINTEPEC,20
466,SANTIAGO IXTAYUTLA,20
467,SANTIAGO JAMILTEPEC,20
468,SANTIAGO JOCOTEPEC,20
469,SANTIAGO JUXTLAHUACA,20
470,SANTIAGO LACHIGUIRI,20
471,SANTIAGO LALOPA,20
472,SANTIAGO LAOLLAGA,20
473,SANTIAGO LAXOPA,20
474,SANTIAGO LLANO GRANDE,20
475,SANTIAGO MATATLµN,20
476,SANTIAGO MILTEPEC,20
477,SANTIAGO MINAS,20
478,SANTIAGO NACALTEPEC,20
479,SANTIAGO NEJAPILLA,20
480,SANTIAGO NUNDICHE,20
481,SANTIAGO NUYO‡,20
482,SANTIAGO PINOTEPA NACIONAL,20
483,SANTIAGO SUCHILQUITONGO,20
484,SANTIAGO TAMAZOLA,20
485,SANTIAGO TAPEXTLA,20
486,VILLA TEJÈPAM DE LA UNI‡N,20
487,SANTIAGO TENANGO,20
488,SANTIAGO TEPETLAPA,20
489,SANTIAGO TETEPEC,20
490,SANTIAGO TEXCALCINGO,20
491,SANTIAGO TEXTITLµN,20
492,SANTIAGO TILANTONGO,20
493,SANTIAGO TILLO,20
494,SANTIAGO TLAZOYALTEPEC,20
495,SANTIAGO XANICA,20
496,SANTIAGO XIACU÷,20
497,SANTIAGO YAITEPEC,20
498,SANTIAGO YAVEO,20
499,SANTIAGO YOLOMêCATL,20
500,SANTIAGO YOSONDÈA,20
501,SANTIAGO YUCUYACHI,20
502,SANTIAGO ZACATEPEC,20
503,SANTIAGO ZOOCHILA,20
504,NUEVO ZOQUIµPAM,20
505,SANTO DOMINGO INGENIO,20
506,SANTO DOMINGO ALBARRADAS,20
507,SANTO DOMINGO ARMENTA,20
508,SANTO DOMINGO CHIHUITµN,20
509,SANTO DOMINGO DE MORELOS,20
510,SANTO DOMINGO IXCATLµN,20
511,SANTO DOMINGO NUXAµ,20
512,SANTO DOMINGO OZOLOTEPEC,20
513,SANTO DOMINGO PETAPA,20
514,SANTO DOMINGO ROAYAGA,20
515,SANTO DOMINGO TEHUANTEPEC,20
516,SANTO DOMINGO TEOJOMULCO,20
517,SANTO DOMINGO TEPUXTEPEC,20
518,SANTO DOMINGO TLATAYµPAM,20
519,SANTO DOMINGO TOMALTEPEC,20
520,SANTO DOMINGO TONALµ,20
521,SANTO DOMINGO TONALTEPEC,20
522,SANTO DOMINGO XAGAC÷A,20
523,SANTO DOMINGO YANHUITLµN,20
524,SANTO DOMINGO YODOHINO,20
525,SANTO DOMINGO ZANATEPEC,20
526,SANTOS REYES NOPALA,20
527,SANTOS REYES PµPALO,20
528,SANTOS REYES TEPEJILLO,20
529,SANTOS REYES YUCUNµ,20
530,SANTO TOMµS JALIEZA,20
531,SANTO TOMµS MAZALTEPEC,20
532,SANTO TOMµS OCOTEPEC,20
533,SANTO TOMµS TAMAZULAPAN,20
534,SAN VICENTE COATLµN,20
535,SAN VICENTE LACHIX÷O,20
536,SAN VICENTE NU•È,20
537,SILACAYOµPAM,20
538,SITIO DE XITLAPEHUA,20
539,SOLEDAD ETLA,20
540,VILLA DE TAMAZULµPAM DEL PROGRESO,20
541,TANETZE DE ZARAGOZA,20
542,TANICHE,20
543,TATALTEPEC DE VALDêS,20
544,TEOCOCUILCO DE MARCOS PêREZ,20
545,TEOTITLµN DE FLORES MAG‡N,20
546,TEOTITLµN DEL VALLE,20
547,TEOTONGO,20
548,TEPELMEME VILLA DE MORELOS,20
549,"HEROICA VILLA TEZOATLµN DE SEGURA Y LUNA, CUNA DE LA INDEPENDENCIA DE OAXACA",20
550,SAN JER‡NIMO TLACOCHAHUAYA,20
551,TLACOLULA DE MATAMOROS,20
552,TLACOTEPEC PLUMAS,20
553,TLALIXTAC DE CABRERA,20
554,TOTONTEPEC VILLA DE MORELOS,20
555,TRINIDAD ZAACHILA,20
556,LA TRINIDAD VISTA HERMOSA,20
557,UNI‡N HIDALGO,20
558,VALERIO TRUJANO,20
559,SAN JUAN BAUTISTA VALLE NACIONAL,20
560,VILLA D÷AZ ORDAZ,20
561,YAXE,20
562,MAGDALENA YODOCONO DE PORFIRIO D÷AZ,20
563,YOGANA,20
564,YUTANDUCHI DE GUERRERO,20
565,VILLA DE ZAACHILA,20
566,SAN MATEO YUCUTINDOO,20
567,ZAPOTITLµN LAGUNAS,20
568,ZAPOTITLµN PALMAS,20
569,SANTA INêS DE ZARAGOZA,20
570,ZIMATLµN DE µLVAREZ,20
999,NO ESPECIFICADO,20
1,ACAJETE,21
2,ACATENO,21
3,ACATLµN,21
4,ACATZINGO,21
5,ACTEOPAN,21
6,AHUACATLµN,21
7,AHUATLµN,21
8,AHUAZOTEPEC,21
9,AHUEHUETITLA,21
10,AJALPAN,21
11,ALBINO ZERTUCHE,21
12,ALJOJUCA,21
13,ALTEPEXI,21
14,AMIXTLµN,21
15,AMOZOC,21
16,AQUIXTLA,21
17,ATEMPAN,21
18,ATEXCAL,21
19,ATLIXCO,21
20,ATOYATEMPAN,21
21,ATZALA,21
22,ATZITZIHUACµN,21
23,ATZITZINTLA,21
24,AXUTLA,21
25,AYOTOXCO DE GUERRERO,21
26,CALPAN,21
27,CALTEPEC,21
28,CAMOCUAUTLA,21
29,CAXHUACAN,21
30,COATEPEC,21
31,COATZINGO,21
32,COHETZALA,21
33,COHUECAN,21
34,CORONANGO,21
35,COXCATLµN,21
36,COYOMEAPAN,21
37,COYOTEPEC,21
38,CUAPIAXTLA DE MADERO,21
39,CUAUTEMPAN,21
40,CUAUTINCHµN,21
41,CUAUTLANCINGO,21
42,CUAYUCA DE ANDRADE,21
43,CUETZALAN DEL PROGRESO,21
44,CUYOACO,21
45,CHALCHICOMULA DE SESMA,21
46,CHAPULCO,21
47,CHIAUTLA,21
48,CHIAUTZINGO,21
49,CHICONCUAUTLA,21
50,CHICHIQUILA,21
51,CHIETLA,21
52,CHIGMECATITLµN,21
53,CHIGNAHUAPAN,21
54,CHIGNAUTLA,21
55,CHILA,21
56,CHILA DE LA SAL,21
57,HONEY,21
58,CHILCHOTLA,21
59,CHINANTLA,21
60,DOMINGO ARENAS,21
61,ELOXOCHITLµN,21
62,EPATLµN,21
63,ESPERANZA,21
64,FRANCISCO Z. MENA,21
65,GENERAL FELIPE µNGELES,21
66,GUADALUPE,21
67,GUADALUPE VICTORIA,21
68,HERMENEGILDO GALEANA,21
69,HUAQUECHULA,21
70,HUATLATLAUCA,21
71,HUAUCHINANGO,21
72,HUEHUETLA,21
73,HUEHUETLµN EL CHICO,21
74,HUEJOTZINGO,21
75,HUEYAPAN,21
76,HUEYTAMALCO,21
77,HUEYTLALPAN,21
78,HUITZILAN DE SERDµN,21
79,HUITZILTEPEC,21
80,ATLEQUIZAYAN,21
81,IXCAMILPA DE GUERRERO,21
82,IXCAQUIXTLA,21
83,IXTACAMAXTITLµN,21
84,IXTEPEC,21
85,IZÈCAR DE MATAMOROS,21
86,JALPAN,21
87,JOLALPAN,21
88,JONOTLA,21
89,JOPALA,21
90,JUAN C. BONILLA,21
91,JUAN GALINDO,21
92,JUAN N. MêNDEZ,21
93,LAFRAGUA,21
94,LIBRES,21
95,LA MAGDALENA TLATLAUQUITEPEC,21
96,MAZAPILTEPEC DE JUµREZ,21
97,MIXTLA,21
98,MOLCAXAC,21
99,CA•ADA MORELOS,21
100,NAUPAN,21
101,NAUZONTLA,21
102,NEALTICAN,21
103,NICOLµS BRAVO,21
104,NOPALUCAN,21
105,OCOTEPEC,21
106,OCOYUCAN,21
107,OLINTLA,21
108,ORIENTAL,21
109,PAHUATLµN,21
110,PALMAR DE BRAVO,21
111,PANTEPEC,21
112,PETLALCINGO,21
113,PIAXTLA,21
114,PUEBLA,21
115,QUECHOLAC,21
116,QUIMIXTLµN,21
117,RAFAEL LARA GRAJALES,21
118,LOS REYES DE JUµREZ,21
119,SAN ANDRêS CHOLULA,21
120,SAN ANTONIO CA•ADA,21
121,SAN DIEGO LA MESA TOCHIMILTZINGO,21
122,SAN FELIPE TEOTLALCINGO,21
123,SAN FELIPE TEPATLµN,21
124,SAN GABRIEL CHILAC,21
125,SAN GREGORIO ATZOMPA,21
126,SAN JER‡NIMO TECUANIPAN,21
127,SAN JER‡NIMO XAYACATLµN,21
128,SAN JOSê CHIAPA,21
129,SAN JOSê MIAHUATLµN,21
130,SAN JUAN ATENCO,21
131,SAN JUAN ATZOMPA,21
132,SAN MART÷N TEXMELUCAN,21
133,SAN MART÷N TOTOLTEPEC,21
134,SAN MAT÷AS TLALANCALECA,21
135,SAN MIGUEL IXITLµN,21
136,SAN MIGUEL XOXTLA,21
137,SAN NICOLµS BUENOS AIRES,21
138,SAN NICOLµS DE LOS RANCHOS,21
139,SAN PABLO ANICANO,21
140,SAN PEDRO CHOLULA,21
141,SAN PEDRO YELOIXTLAHUACA,21
142,SAN SALVADOR EL SECO,21
143,SAN SALVADOR EL VERDE,21
144,SAN SALVADOR HUIXCOLOTLA,21
145,SAN SEBASTIµN TLACOTEPEC,21
146,SANTA CATARINA TLALTEMPAN,21
147,SANTA INêS AHUATEMPAN,21
148,SANTA ISABEL CHOLULA,21
149,SANTIAGO MIAHUATLµN,21
150,HUEHUETLµN EL GRANDE,21
151,SANTO TOMµS HUEYOTLIPAN,21
152,SOLTEPEC,21
153,TECALI DE HERRERA,21
154,TECAMACHALCO,21
155,TECOMATLµN,21
156,TEHUACµN,21
157,TEHUITZINGO,21
158,TENAMPULCO,21
159,TEOPANTLµN,21
160,TEOTLALCO,21
161,TEPANCO DE L‡PEZ,21
162,TEPANGO DE RODR÷GUEZ,21
163,TEPATLAXCO DE HIDALGO,21
164,TEPEACA,21
165,TEPEMAXALCO,21
166,TEPEOJUMA,21
167,TEPETZINTLA,21
168,TEPEXCO,21
169,TEPEXI DE RODR÷GUEZ,21
170,TEPEYAHUALCO,21
171,TEPEYAHUALCO DE CUAUHTêMOC,21
172,TETELA DE OCAMPO,21
173,TETELES DE AVILA CASTILLO,21
174,TEZIUTLµN,21
175,TIANGUISMANALCO,21
176,TILAPA,21
177,TLACOTEPEC DE BENITO JUµREZ,21
178,TLACUILOTEPEC,21
179,TLACHICHUCA,21
180,TLAHUAPAN,21
181,TLALTENANGO,21
182,TLANEPANTLA,21
183,TLAOLA,21
184,TLAPACOYA,21
185,TLAPANALµ,21
186,TLATLAUQUITEPEC,21
187,TLAXCO,21
188,TOCHIMILCO,21
189,TOCHTEPEC,21
190,TOTOLTEPEC DE GUERRERO,21
191,TULCINGO,21
192,TUZAMAPAN DE GALEANA,21
193,TZICATLACOYAN,21
194,VENUSTIANO CARRANZA,21
195,VICENTE GUERRERO,21
196,XAYACATLµN DE BRAVO,21
197,XICOTEPEC,21
198,XICOTLµN,21
199,XIUTETELCO,21
200,XOCHIAPULCO,21
201,XOCHILTEPEC,21
202,XOCHITLµN DE VICENTE SUµREZ,21
203,XOCHITLµN TODOS SANTOS,21
204,YAONµHUAC,21
205,YEHUALTEPEC,21
206,ZACAPALA,21
207,ZACAPOAXTLA,21
208,ZACATLµN,21
209,ZAPOTITLµN,21
210,ZAPOTITLµN DE MêNDEZ,21
211,ZARAGOZA,21
212,ZAUTLA,21
213,ZIHUATEUTLA,21
214,ZINACATEPEC,21
215,ZONGOZOTLA,21
216,ZOQUIAPAN,21
217,ZOQUITLµN,21
999,NO ESPECIFICADO,21
1,AMEALCO DE BONFIL,22
2,PINAL DE AMOLES,22
3,ARROYO SECO,22
4,CADEREYTA DE MONTES,22
5,COL‡N,22
6,CORREGIDORA,22
7,EZEQUIEL MONTES,22
8,HUIMILPAN,22
9,JALPAN DE SERRA,22
10,LANDA DE MATAMOROS,22
11,EL MARQUêS,22
12,PEDRO ESCOBEDO,22
13,PE•AMILLER,22
14,QUERêTARO,22
15,SAN JOAQU÷N,22
16,SAN JUAN DEL R÷O,22
17,TEQUISQUIAPAN,22
18,TOLIMµN,22
999,NO ESPECIFICADO,22
1,COZUMEL,23
2,FELIPE CARRILLO PUERTO,23
3,ISLA MUJERES,23
4,OTH‡N P. BLANCO,23
5,BENITO JUµREZ,23
6,JOSê MAR÷A MORELOS,23
7,LµZARO CµRDENAS,23
8,SOLIDARIDAD,23
9,TULUM,23
10,BACALAR,23
11,PUERTO MORELOS,23
999,NO ESPECIFICADO,23
1,AHUALULCO,24
2,ALAQUINES,24
3,AQUISM‡N,24
4,ARMADILLO DE LOS INFANTE,24
5,CµRDENAS,24
6,CATORCE,24
7,CEDRAL,24
8,CERRITOS,24
9,CERRO DE SAN PEDRO,24
10,CIUDAD DEL MA÷Z,24
11,CIUDAD FERNµNDEZ,24
12,TANCANHUITZ,24
13,CIUDAD VALLES,24
14,COXCATLµN,24
15,CHARCAS,24
16,EBANO,24
17,GUADALCµZAR,24
18,HUEHUETLµN,24
19,LAGUNILLAS,24
20,MATEHUALA,24
21,MEXQUITIC DE CARMONA,24
22,MOCTEZUMA,24
23,RAY‡N,24
24,RIOVERDE,24
25,SALINAS,24
26,SAN ANTONIO,24
27,SAN CIRO DE ACOSTA,24
28,SAN LUIS POTOS÷,24
29,SAN MART÷N CHALCHICUAUTLA,24
30,SAN NICOLµS TOLENTINO,24
31,SANTA CATARINA,24
32,SANTA MAR÷A DEL R÷O,24
33,SANTO DOMINGO,24
34,SAN VICENTE TANCUAYALAB,24
35,SOLEDAD DE GRACIANO SµNCHEZ,24
36,TAMASOPO,24
37,TAMAZUNCHALE,24
38,TAMPACµN,24
39,TAMPAMOL‡N CORONA,24
40,TAMU÷N,24
41,TANLAJµS,24
42,TANQUIµN DE ESCOBEDO,24
43,TIERRA NUEVA,24
44,VANEGAS,24
45,VENADO,24
46,VILLA DE ARRIAGA,24
47,VILLA DE GUADALUPE,24
48,VILLA DE LA PAZ,24
49,VILLA DE RAMOS,24
50,VILLA DE REYES,24
51,VILLA HIDALGO,24
52,VILLA JUµREZ,24
53,AXTLA DE TERRAZAS,24
54,XILITLA,24
55,ZARAGOZA,24
56,VILLA DE ARISTA,24
57,MATLAPA,24
58,EL NARANJO,24
999,NO ESPECIFICADO,24
1,AHOME,25
2,ANGOSTURA,25
3,BADIRAGUATO,25
4,CONCORDIA,25
5,COSALµ,25
6,CULIACµN,25
7,CHOIX,25
8,ELOTA,25
9,ESCUINAPA,25
10,EL FUERTE,25
11,GUASAVE,25
12,MAZATLµN,25
13,MOCORITO,25
14,ROSARIO,25
15,SALVADOR ALVARADO,25
16,SAN IGNACIO,25
17,SINALOA,25
18,NAVOLATO,25
999,NO ESPECIFICADO,25
1,ACONCHI,26
2,AGUA PRIETA,26
3,ALAMOS,26
4,ALTAR,26
5,ARIVECHI,26
6,ARIZPE,26
7,ATIL,26
8,BACADêHUACHI,26
9,BACANORA,26
10,BACERAC,26
11,BACOACHI,26
12,BµCUM,26
13,BANµMICHI,26
14,BAVIµCORA,26
15,BAVISPE,26
16,BENJAM÷N HILL,26
17,CABORCA,26
18,CAJEME,26
19,CANANEA,26
20,CARB‡,26
21,LA COLORADA,26
22,CUCURPE,26
23,CUMPAS,26
24,DIVISADEROS,26
25,EMPALME,26
26,ETCHOJOA,26
27,FRONTERAS,26
28,GRANADOS,26
29,GUAYMAS,26
30,HERMOSILLO,26
31,HUACHINERA,26
32,HUµSABAS,26
33,HUATABAMPO,26
34,HUêPAC,26
35,IMURIS,26
36,MAGDALENA,26
37,MAZATµN,26
38,MOCTEZUMA,26
39,NACO,26
40,NµCORI CHICO,26
41,NACOZARI DE GARC÷A,26
42,NAVOJOA,26
43,NOGALES,26
44,ONAVAS,26
45,OPODEPE,26
46,OQUITOA,26
47,PITIQUITO,26
48,PUERTO PE•ASCO,26
49,QUIRIEGO,26
50,RAY‡N,26
51,ROSARIO,26
52,SAHUARIPA,26
53,SAN FELIPE DE JESÈS,26
54,SAN JAVIER,26
55,SAN LUIS R÷O COLORADO,26
56,SAN MIGUEL DE HORCASITAS,26
57,SAN PEDRO DE LA CUEVA,26
58,SANTA ANA,26
59,SANTA CRUZ,26
60,SµRIC,26
61,SOYOPA,26
62,SUAQUI GRANDE,26
63,TEPACHE,26
64,TRINCHERAS,26
65,TUBUTAMA,26
66,URES,26
67,VILLA HIDALGO,26
68,VILLA PESQUEIRA,26
69,YêCORA,26
70,GENERAL PLUTARCO EL÷AS CALLES,26
71,BENITO JUµREZ,26
72,SAN IGNACIO R÷O MUERTO,26
999,NO ESPECIFICADO,26
1,BALANCµN,27
2,CµRDENAS,27
3,CENTLA,27
4,CENTRO,27
5,COMALCALCO,27
6,CUNDUACµN,27
7,EMILIANO ZAPATA,27
8,HUIMANGUILLO,27
9,JALAPA,27
10,JALPA DE MêNDEZ,27
11,JONUTA,27
12,MACUSPANA,27
13,NACAJUCA,27
14,PARA÷SO,27
15,TACOTALPA,27
16,TEAPA,27
17,TENOSIQUE,27
999,NO ESPECIFICADO,27
1,ABASOLO,28
2,ALDAMA,28
3,ALTAMIRA,28
4,ANTIGUO MORELOS,28
5,BURGOS,28
6,BUSTAMANTE,28
7,CAMARGO,28
8,CASAS,28
9,CIUDAD MADERO,28
10,CRUILLAS,28
11,G‡MEZ FAR÷AS,28
12,GONZµLEZ,28
13,GöêMEZ,28
14,GUERRERO,28
15,GUSTAVO D÷AZ ORDAZ,28
16,HIDALGO,28
17,JAUMAVE,28
18,JIMêNEZ,28
19,LLERA,28
20,MAINERO,28
21,EL MANTE,28
22,MATAMOROS,28
23,MêNDEZ,28
24,MIER,28
25,MIGUEL ALEMµN,28
26,MIQUIHUANA,28
27,NUEVO LAREDO,28
28,NUEVO MORELOS,28
29,OCAMPO,28
30,PADILLA,28
31,PALMILLAS,28
32,REYNOSA,28
33,R÷O BRAVO,28
34,SAN CARLOS,28
35,SAN FERNANDO,28
36,SAN NICOLµS,28
37,SOTO LA MARINA,28
38,TAMPICO,28
39,TULA,28
40,VALLE HERMOSO,28
41,VICTORIA,28
42,VILLAGRµN,28
43,XICOTêNCATL,28
999,NO ESPECIFICADO,28
1,AMAXAC DE GUERRERO,29
2,APETATITLµN DE ANTONIO CARVAJAL,29
3,ATLANGATEPEC,29
4,ATLTZAYANCA,29
5,APIZACO,29
6,CALPULALPAN,29
7,EL CARMEN TEQUEXQUITLA,29
8,CUAPIAXTLA,29
9,CUAXOMULCO,29
10,CHIAUTEMPAN,29
11,MU•OZ DE DOMINGO ARENAS,29
12,ESPA•ITA,29
13,HUAMANTLA,29
14,HUEYOTLIPAN,29
15,IXTACUIXTLA DE MARIANO MATAMOROS,29
16,IXTENCO,29
17,MAZATECOCHCO DE JOSê MAR÷A MORELOS,29
18,CONTLA DE JUAN CUAMATZI,29
19,TEPETITLA DE LARDIZµBAL,29
20,SANCT‡RUM DE LµZARO CµRDENAS,29
21,NANACAMILPA DE MARIANO ARISTA,29
22,ACUAMANALA DE MIGUEL HIDALGO,29
23,NAT÷VITAS,29
24,PANOTLA,29
25,SAN PABLO DEL MONTE,29
26,SANTA CRUZ TLAXCALA,29
27,TENANCINGO,29
28,TEOLOCHOLCO,29
29,TEPEYANCO,29
30,TERRENATE,29
31,TETLA DE LA SOLIDARIDAD,29
32,TETLATLAHUCA,29
33,TLAXCALA,29
34,TLAXCO,29
35,TOCATLµN,29
36,TOTOLAC,29
37,ZILTLALTêPEC DE TRINIDAD SµNCHEZ SANTOS,29
38,TZOMPANTEPEC,29
39,XALOZTOC,29
40,XALTOCAN,29
41,PAPALOTLA DE XICOHTêNCATL,29
42,XICOHTZINCO,29
43,YAUHQUEMEHCAN,29
44,ZACATELCO,29
45,BENITO JUµREZ,29
46,EMILIANO ZAPATA,29
47,LµZARO CµRDENAS,29
48,LA MAGDALENA TLALTELULCO,29
49,SAN DAMIµN TEX‡LOC,29
50,SAN FRANCISCO TETLANOHCAN,29
51,SAN JER‡NIMO ZACUALPAN,29
52,SAN JOSê TEACALCO,29
53,SAN JUAN HUACTZINCO,29
54,SAN LORENZO AXOCOMANITLA,29
55,SAN LUCAS TECOPILCO,29
56,SANTA ANA NOPALUCAN,29
57,SANTA APOLONIA TEACALCO,29
58,SANTA CATARINA AYOMETLA,29
59,SANTA CRUZ QUILEHTLA,29
60,SANTA ISABEL XILOXOXTLA,29
999,NO ESPECIFICADO,29
1,ACAJETE,30
2,ACATLµN,30
3,ACAYUCAN,30
4,ACTOPAN,30
5,ACULA,30
6,ACULTZINGO,30
7,CAMAR‡N DE TEJEDA,30
8,ALPATLµHUAC,30
9,ALTO LUCERO DE GUTIêRREZ BARRIOS,30
10,ALTOTONGA,30
11,ALVARADO,30
12,AMATITLµN,30
13,NARANJOS AMATLµN,30
14,AMATLµN DE LOS REYES,30
15,ANGEL R. CABADA,30
16,LA ANTIGUA,30
17,APAZAPAN,30
18,AQUILA,30
19,ASTACINGA,30
20,ATLAHUILCO,30
21,ATOYAC,30
22,ATZACAN,30
23,ATZALAN,30
24,TLALTETELA,30
25,AYAHUALULCO,30
26,BANDERILLA,30
27,BENITO JUµREZ,30
28,BOCA DEL R÷O,30
29,CALCAHUALCO,30
30,CAMERINO Z. MENDOZA,30
31,CARRILLO PUERTO,30
32,CATEMACO,30
33,CAZONES DE HERRERA,30
34,CERRO AZUL,30
35,CITLALTêPETL,30
36,COACOATZINTLA,30
37,COAHUITLµN,30
38,COATEPEC,30
39,COATZACOALCOS,30
40,COATZINTLA,30
41,COETZALA,30
42,COLIPA,30
43,COMAPA,30
44,C‡RDOBA,30
45,COSAMALOAPAN DE CARPIO,30
46,COSAUTLµN DE CARVAJAL,30
47,COSCOMATEPEC,30
48,COSOLEACAQUE,30
49,COTAXTLA,30
50,COXQUIHUI,30
51,COYUTLA,30
52,CUICHAPA,30
53,CUITLµHUAC,30
54,CHACALTIANGUIS,30
55,CHALMA,30
56,CHICONAMEL,30
57,CHICONQUIACO,30
58,CHICONTEPEC,30
59,CHINAMECA,30
60,CHINAMPA DE GOROSTIZA,30
61,LAS CHOAPAS,30
62,CHOCAMµN,30
63,CHONTLA,30
64,CHUMATLµN,30
65,EMILIANO ZAPATA,30
66,ESPINAL,30
67,FILOMENO MATA,30
68,FORT÷N,30
69,GUTIêRREZ ZAMORA,30
70,HIDALGOTITLµN,30
71,HUATUSCO,30
72,HUAYACOCOTLA,30
73,HUEYAPAN DE OCAMPO,30
74,HUILOAPAN DE CUAUHTêMOC,30
75,IGNACIO DE LA LLAVE,30
76,ILAMATLµN,30
77,ISLA,30
78,IXCATEPEC,30
79,IXHUACµN DE LOS REYES,30
80,IXHUATLµN DEL CAFê,30
81,IXHUATLANCILLO,30
82,IXHUATLµN DEL SURESTE,30
83,IXHUATLµN DE MADERO,30
84,IXMATLAHUACAN,30
85,IXTACZOQUITLµN,30
86,JALACINGO,30
87,XALAPA,30
88,JALCOMULCO,30
89,JµLTIPAN,30
90,JAMAPA,30
91,JESÈS CARRANZA,30
92,XICO,30
93,JILOTEPEC,30
94,JUAN RODR÷GUEZ CLARA,30
95,JUCHIQUE DE FERRER,30
96,LANDERO Y COSS,30
97,LERDO DE TEJADA,30
98,MAGDALENA,30
99,MALTRATA,30
100,MANLIO FABIO ALTAMIRANO,30
101,MARIANO ESCOBEDO,30
102,MART÷NEZ DE LA TORRE,30
103,MECATLµN,30
104,MECAYAPAN,30
105,MEDELL÷N DE BRAVO,30
106,MIAHUATLµN,30
107,LAS MINAS,30
108,MINATITLµN,30
109,MISANTLA,30
110,MIXTLA DE ALTAMIRANO,30
111,MOLOACµN,30
112,NAOLINCO,30
113,NARANJAL,30
114,NAUTLA,30
115,NOGALES,30
116,OLUTA,30
117,OMEALCA,30
118,ORIZABA,30
119,OTATITLµN,30
120,OTEAPAN,30
121,OZULUAMA DE MASCARE•AS,30
122,PAJAPAN,30
123,PµNUCO,30
124,PAPANTLA,30
125,PASO DEL MACHO,30
126,PASO DE OVEJAS,30
127,LA PERLA,30
128,PEROTE,30
129,PLAT‡N SµNCHEZ,30
130,PLAYA VICENTE,30
131,POZA RICA DE HIDALGO,30
132,LAS VIGAS DE RAM÷REZ,30
133,PUEBLO VIEJO,30
134,PUENTE NACIONAL,30
135,RAFAEL DELGADO,30
136,RAFAEL LUCIO,30
137,LOS REYES,30
138,R÷O BLANCO,30
139,SALTABARRANCA,30
140,SAN ANDRêS TENEJAPAN,30
141,SAN ANDRêS TUXTLA,30
142,SAN JUAN EVANGELISTA,30
143,SANTIAGO TUXTLA,30
144,SAYULA DE ALEMµN,30
145,SOCONUSCO,30
146,SOCHIAPA,30
147,SOLEDAD ATZOMPA,30
148,SOLEDAD DE DOBLADO,30
149,SOTEAPAN,30
150,TAMAL÷N,30
151,TAMIAHUA,30
152,TAMPICO ALTO,30
153,TANCOCO,30
154,TANTIMA,30
155,TANTOYUCA,30
156,TATATILA,30
157,CASTILLO DE TEAYO,30
158,TECOLUTLA,30
159,TEHUIPANGO,30
160,µLAMO TEMAPACHE,30
161,TEMPOAL,30
162,TENAMPA,30
163,TENOCHTITLµN,30
164,TEOCELO,30
165,TEPATLAXCO,30
166,TEPETLµN,30
167,TEPETZINTLA,30
168,TEQUILA,30
169,JOSê AZUETA,30
170,TEXCATEPEC,30
171,TEXHUACµN,30
172,TEXISTEPEC,30
173,TEZONAPA,30
174,TIERRA BLANCA,30
175,TIHUATLµN,30
176,TLACOJALPAN,30
177,TLACOLULAN,30
178,TLACOTALPAN,30
179,TLACOTEPEC DE MEJ÷A,30
180,TLACHICHILCO,30
181,TLALIXCOYAN,30
182,TLALNELHUAYOCAN,30
183,TLAPACOYAN,30
184,TLAQUILPA,30
185,TLILAPAN,30
186,TOMATLµN,30
187,TONAYµN,30
188,TOTUTLA,30
189,TUXPAN,30
190,TUXTILLA,30
191,URSULO GALVµN,30
192,VEGA DE ALATORRE,30
193,VERACRUZ,30
194,VILLA ALDAMA,30
195,XOXOCOTLA,30
196,YANGA,30
197,YECUATLA,30
198,ZACUALPAN,30
199,ZARAGOZA,30
200,ZENTLA,30
201,ZONGOLICA,30
202,ZONTECOMATLµN DE L‡PEZ Y FUENTES,30
203,ZOZOCOLCO DE HIDALGO,30
204,AGUA DULCE,30
205,EL HIGO,30
206,NANCHITAL DE LµZARO CµRDENAS DEL R÷O,30
207,TRES VALLES,30
208,CARLOS A. CARRILLO,30
209,TATAHUICAPAN DE JUµREZ,30
210,UXPANAPA,30
211,SAN RAFAEL,30
212,SANTIAGO SOCHIAPAN,30
999,NO ESPECIFICADO,30
1,ABALµ,31
2,ACANCEH,31
3,AKIL,31
4,BACA,31
5,BOKOBµ,31
6,BUCTZOTZ,31
7,CACALCHêN,31
8,CALOTMUL,31
9,CANSAHCAB,31
10,CANTAMAYEC,31
11,CELESTÈN,31
12,CENOTILLO,31
13,CONKAL,31
14,CUNCUNUL,31
15,CUZAMµ,31
16,CHACSINK÷N,31
17,CHANKOM,31
18,CHAPAB,31
19,CHEMAX,31
20,CHICXULUB PUEBLO,31
21,CHICHIMILµ,31
22,CHIKINDZONOT,31
23,CHOCHOLµ,31
24,CHUMAYEL,31
25,DZµN,31
26,DZEMUL,31
27,DZIDZANTÈN,31
28,DZILAM DE BRAVO,31
29,DZILAM GONZµLEZ,31
30,DZITµS,31
31,DZONCAUICH,31
32,ESPITA,31
33,HALACH‡,31
34,HOCABµ,31
35,HOCTÈN,31
36,HOMÈN,31
37,HUH÷,31
38,HUNUCMµ,31
39,IXIL,31
40,IZAMAL,31
41,KANAS÷N,31
42,KANTUNIL,31
43,KAUA,31
44,KINCHIL,31
45,KOPOMµ,31
46,MAMA,31
47,MAN÷,31
48,MAXCANÈ,31
49,MAYAPµN,31
50,MêRIDA,31
51,MOCOCHµ,31
52,MOTUL,31
53,MUNA,31
54,MUXUPIP,31
55,OPICHêN,31
56,OXKUTZCAB,31
57,PANABµ,31
58,PETO,31
59,PROGRESO,31
60,QUINTANA ROO,31
61,R÷O LAGARTOS,31
62,SACALUM,31
63,SAMAHIL,31
64,SANAHCAT,31
65,SAN FELIPE,31
66,SANTA ELENA,31
67,SEYê,31
68,SINANCHê,31
69,SOTUTA,31
70,SUCILµ,31
71,SUDZAL,31
72,SUMA,31
73,TAHDZIÈ,31
74,TAHMEK,31
75,TEABO,31
76,TECOH,31
77,TEKAL DE VENEGAS,31
78,TEKANT‡,31
79,TEKAX,31
80,TEKIT,31
81,TEKOM,31
82,TELCHAC PUEBLO,31
83,TELCHAC PUERTO,31
84,TEMAX,31
85,TEMOZ‡N,31
86,TEPAKµN,31
87,TETIZ,31
88,TEYA,31
89,TICUL,31
90,TIMUCUY,31
91,TINUM,31
92,TIXCACALCUPUL,31
93,TIXKOKOB,31
94,TIXMEHUAC,31
95,TIXPêHUAL,31
96,TIZIM÷N,31
97,TUNKµS,31
98,TZUCACAB,31
99,UAYMA,31
100,UCÈ,31
101,UMµN,31
102,VALLADOLID,31
103,XOCCHEL,31
104,YAXCABµ,31
105,YAXKUKUL,31
106,YOBA÷N,31
999,NO ESPECIFICADO,31
1,APOZOL,32
2,APULCO,32
3,ATOLINGA,32
4,BENITO JUµREZ,32
5,CALERA,32
6,CA•ITAS DE FELIPE PESCADOR,32
7,CONCEPCI‡N DEL ORO,32
8,CUAUHTêMOC,32
9,CHALCHIHUITES,32
10,FRESNILLO,32
11,TRINIDAD GARC÷A DE LA CADENA,32
12,GENARO CODINA,32
13,GENERAL ENRIQUE ESTRADA,32
14,GENERAL FRANCISCO R. MURGU÷A,32
15,EL PLATEADO DE JOAQU÷N AMARO,32
16,GENERAL PµNFILO NATERA,32
17,GUADALUPE,32
18,HUANUSCO,32
19,JALPA,32
20,JEREZ,32
21,JIMêNEZ DEL TEUL,32
22,JUAN ALDAMA,32
23,JUCHIPILA,32
24,LORETO,32
25,LUIS MOYA,32
26,MAZAPIL,32
27,MELCHOR OCAMPO,32
28,MEZQUITAL DEL ORO,32
29,MIGUEL AUZA,32
30,MOMAX,32
31,MONTE ESCOBEDO,32
32,MORELOS,32
33,MOYAHUA DE ESTRADA,32
34,NOCHISTLµN DE MEJ÷A,32
35,NORIA DE µNGELES,32
36,OJOCALIENTE,32
37,PµNUCO,32
38,PINOS,32
39,R÷O GRANDE,32
40,SAIN ALTO,32
41,EL SALVADOR,32
42,SOMBRERETE,32
43,SUSTICACµN,32
44,TABASCO,32
45,TEPECHITLµN,32
46,TEPETONGO,32
47,TEÈL DE GONZµLEZ ORTEGA,32
48,TLALTENANGO DE SµNCHEZ ROMµN,32
49,VALPARA÷SO,32
50,VETAGRANDE,32
51,VILLA DE COS,32
52,VILLA GARC÷A,32
53,VILLA GONZµLEZ ORTEGA,32
54,VILLA HIDALGO,32
55,VILLANUEVA,32
56,ZACATECAS,32
57,TRANCOSO,32
58,SANTA MAR÷A DE LA PAZ,32
999,NO ESPECIFICADO,32
999,NO ESPECIFICADO,36
997,NO APLICA,97
998,SE IGNORA,98
999,NO ESPECIFICADO,99
